{
  "config": {
    "flow_title": "Tuya configuration",
    "step": {
      "user": {
        "title": "Tuya",
        "description": "Enter your Tuya credential.",
        "data": {
          "country_code": "Your account country code (e.g., 1 for USA or 86 for China)",
          "password": "[%key:common::config_flow::data::password%]",
          "platform": "The app where your account register",
          "username": "[%key:common::config_flow::data::username%]"
        }
      }
    },
    "abort": {
      "invalid_auth": "[%key:common::config_flow::error::invalid_auth%]",
      "cannot_connect": "[%key:common::config_flow::error::cannot_connect%]",
      "single_instance_allowed": "[%key:common::config_flow::abort::single_instance_allowed%]"
    },
    "error": {
      "invalid_auth": "[%key:common::config_flow::error::invalid_auth%]"
    }
  }
}
